{
  "epoch": 2461200.5,
  "a": 2.765552595034094,
  "e": 0.07969229514816586,
  "i": 10.58802780183462,
  "om": 80.24862682043221,
  "w": 73.29421453021587,
  "ma": 274.4193463761342,
  "name": "Ceres",
  "fetched_jd": 2461200.5
}
