{
  "epoch": 2461200.5,
  "a": 67.93394687853566,
  "e": 0.4382385347971672,
  "i": 43.9258279471791,
  "om": 36.00477044417249,
  "w": 150.7949235840312,
  "ma": 211.774434275007,
  "name": "Eris",
  "fetched_jd": 2461200.5
}
