{
  "epoch": 2461200.5,
  "a": 43.06029023650952,
  "e": 0.1944430148898797,
  "i": 28.20847393040364,
  "om": 121.7860561329425,
  "w": 240.6905472508661,
  "ma": 223.2104118812299,
  "name": "Haumea",
  "fetched_jd": 2461200.5
}
