{
  "epoch": 2461200.5,
  "a": 45.57093317300052,
  "e": 0.1588889953992523,
  "i": 29.02785603743067,
  "om": 79.2948338209406,
  "w": 297.0922733397207,
  "ma": 169.9379962048232,
  "name": "Makemake",
  "fetched_jd": 2461200.5
}
