{
  "epoch": 2461200.5,
  "a": 543.7195289104732,
  "e": 0.8598824585187618,
  "i": 11.92527582847476,
  "om": 144.5061662673739,
  "w": 311.0987725939751,
  "ma": 358.5956944005428,
  "name": "Sedna",
  "fetched_jd": 2461200.5
}
